hosts,vms,cloudlets,woa_time,woa_fitness,woa_cpu_util,woa_ram_util,woa_bw_util,woa_power,woa_cpu_mean,woa_cpu_std
100,50,100,50.95,42.782590,9641.65,46.53,46.60,4.94,2.00,0.73
100,50,100,7.59,27.795654,56601.26,11.24,11.28,5.03,7.22,14.21
100,50,100,9.08,29.924810,48748.29,5.30,5.32,4.29,5.15,13.04
100,50,100,6.64,30.485582,60442.43,9.33,9.34,5.03,6.29,13.67
100,50,100,9.57,28.125997,49642.91,12.15,12.17,4.31,8.08,15.01
